Id,Value (M)
280,22.312309871865168
569,16.29366921647177
8731,1.3251632714198962
10085,0.5952084079621756
9831,0.4722189424265508
7346,1.0957999017592357
10496,0.4094989345504274
8318,1.1629707858935063
17589,0.42860948166016044
3615,1.6981331839132991
1303,4.731559626528409
9425,0.7006088695691943
108,33.051387227693525
15757,0.1387710140641758
8768,0.6562120067894313
15149,0.15183293889818117
3442,2.581314493920061
11995,0.37350766800814483
6585,1.247705333035654
18,5.139925587614883
15182,0.3483112137831341
14631,0.18571311885976627
2324,5.169695196343227
1614,5.343765506654634
17085,0.22179060254914873
8561,0.5921782475326864
8122,0.6999031310003403
412,11.545966650180347
2249,7.828622201674833
2685,4.004536048893627
16094,0.4153249844805629
14387,0.19869318671824487
12257,0.6508171745596911
2013,4.526954151635962
3988,3.27322705924378
5369,0.36771876729766007
13790,0.09009497789007526
482,14.371070584753923
7328,1.4419366361665453
17121,-0.35320980330338614
13305,0.27336290446426403
16634,0.4581499452970803
16766,0.45471708863478
11989,0.3006566229537526
177,15.237864426183208
16628,0.6416618839843551
8120,1.3981554766153153
4069,4.679760740103333
5618,3.4608071429447165
11309,0.6900804606342064
15007,0.08274362558661608
2019,5.943838854961726
10905,0.13147873077282668
14866,0.16761444218921895
2099,6.117702082897452
14183,0.27404313470101727
3839,3.167262308561547
9164,0.13367122184384073
15227,0.4534923379003004
3374,4.209270649306134
5413,3.296261775658749
16516,0.3338867559814531
13373,0.3931949699592252
8823,0.2891675249673966
11210,0.3927474086017497
11486,0.49928810724129846
2443,3.5896401196767584
7564,0.9219740591177725
4263,2.430954826303136
3405,5.125332125916728
14382,0.1984265622600816
2662,1.00811533718759
2816,4.045672458331964
5927,1.562056377569732
15028,0.4948803664671715
8814,0.5480231937837772
12158,0.49179649352909394
5833,1.3902636720384436
16331,0.22980674938555978
5905,2.177978365150423
6523,3.080805609071561
1122,8.931550253765252
14250,0.5011134699878568
14604,0.4883243132465651
8420,1.0922521332167463
16088,0.3889386884367383
5088,1.1127724014956897
3087,1.3020577555289066
16946,0.267612815055017
14846,0.18876617257292594
13055,0.05637133025716423
3285,2.433728635757305
2597,3.324544116199789
9529,0.6702341972272308
1522,6.89954415537143
3987,2.150443806875799
6902,0.40998525793004603
3108,4.581855206768935
7026,1.0020138815540491
6885,0.5889444559318946
10399,0.5946646124445607
8395,0.3776295519017623
4255,4.028507436661997
16589,0.16405791654391066
12437,0.5785864369335769
369,14.447875543489388
13474,0.2261503873840951
16333,0.22603741612296346
16219,0.21503859583602036
15651,0.04160196795216109
7171,1.1541979360828947
2709,5.05331956018513
12293,0.14956920079755776
14738,0.365637176415774
14039,0.17898467646158167
3755,2.349479165688493
6373,1.4612476974439943
682,7.698780910417739
7248,1.2621180623273034
8916,0.6148583804531
6710,1.4383586051977346
14360,0.4034097494276949
5951,2.5343754564630245
3672,5.01180125820197
11867,0.27926676684235474
13995,0.2154253815704834
6502,2.8294194436237916
732,13.857312438638658
9997,0.3875181959642333
13434,0.22522354271116285
17911,0.2734620513412125
3540,4.212433886023476
8031,0.15237822935519318
14851,0.17458085581286298
12276,0.3048512871539657
16859,0.2652655081153199
3356,3.863844425370175
10071,1.1745805177250332
7726,0.4311878716328721
128,42.71982052685185
17632,0.21527871253614705
1991,5.305129300939328
3506,4.016678653990752
2826,4.765672557778615
10611,0.46154424834698204
2317,7.9915317348400805
15582,0.28829823788198894
14400,0.2610965051945442
13695,0.2560811812012531
17406,0.2785487338723698
9339,0.9177146164209518
2308,5.430979466683382
16785,0.24129269978011791
12846,0.5265679679810802
10930,0.7259020169286288
8648,0.9159684424756307
17739,0.12199537749425815
1926,6.011276842533178
12966,0.2973259869591658
8075,1.121442749991573
15741,0.13250316874025714
15823,0.40193000801316714
9944,0.9467354665184331
8440,0.7441272857835912
15613,0.12155916948826473
8638,1.225644438577504
4227,2.371293245655309
14290,-0.026949680795311792
4936,1.5607167492290586
11367,0.3815678034804506
5748,2.3920409525611177
9489,0.712001267621261
11597,0.4606439496754575
8690,1.0611918452655829
2017,5.141646785593096
13720,0.40854704971975764
8230,1.7590759908817546
14558,0.13403324899546476
17767,0.0534170072604212
2312,5.22896518229625
11285,0.46403563513111123
667,9.664255380703892
9347,0.9322993463692484
12638,0.4125959603220082
9537,0.6349068099649031
9430,0.7640404579431817
11439,0.2154208592682636
576,17.284111399870497
1110,11.833994215334044
5741,2.2775958901064115
11870,0.40936299474351756
3219,3.5765294018295464
189,18.107304012234366
543,19.106229218899855
4129,2.81060323736061
14005,0.17125553389242043
4651,2.8346542106867076
15380,0.16467052867990617
10400,0.6067616073143682
2605,4.644693432709303
9403,1.1013844907922277
16181,0.1952150594105575
5687,1.0648318748138337
2290,1.0410623471118043
6829,0.6970004877003504
6436,1.1855441752831695
15170,0.4397944092138033
17070,0.40109424975476315
12526,0.12028104462133626
10642,0.7401318748147361
1666,6.746210326838948
2270,3.887446214975128
17842,0.2436533739309681
4664,3.058207022766922
16081,0.2240094873977938
5018,1.4296214134958092
5415,1.86396984330095
8459,1.2367041754122994
2459,4.801538350810418
16656,0.29664199384281176
782,11.674298782470899
14443,0.24020465882914266
13069,0.23028902159997244
16997,0.2034563023223228
3159,3.8473710471401574
14031,0.13115218781588567
7187,1.4733292477144033
15318,0.31746404253114235
14057,0.28381441353776893
13453,0.1552480679599313
7919,1.1632277029639937
5872,1.3764567100240157
11583,0.1598768983448764
6783,1.3968374590695731
6034,1.4657293506093794
5503,1.2839380503974809
7440,0.8720049477394269
4985,1.7855528511135645
17636,0.21602733183324574
14213,0.47208498947175315
11889,0.168930601476589
12611,0.5438697644041923
13747,0.45120419717183324
12772,0.17013785748135035
2212,5.006143972867065
5939,1.743475013275642
2199,5.503022171024853
1138,9.49099867835021
13541,0.31293660855813243
7835,1.0995276032588919
6615,2.5086100110397496
10564,0.2522536439661991
15017,0.22447222500564123
8660,1.069230930430379
9411,0.5435060239255591
9886,0.4963335664998141
14792,0.06954554024066795
10796,0.4618683495302349
8362,1.2868574817575364
9191,0.7037908486248199
7031,1.4127578538213612
10019,0.44429751018897434
4991,0.09922899346720726
6147,1.7678585712141768
6087,0.9161610338871498
11941,0.5294953067105865
15919,0.01815640229649773
15530,0.18473067741918214
16296,0.15492573696901957
13463,0.24300450261655726
845,9.030124572784601
17318,0.40826808521997293
9532,1.0170641271711958
1442,8.243626698324263
6462,1.6228311716347008
11749,0.46597486192068516
1265,6.360119889202636
3702,5.392395232174962
13936,0.509467582939763
16182,0.1563619619290222
7790,0.4274384509678413
3499,4.633995147247063
8806,0.8086138146287141
3476,4.53666995618012
10542,0.8869051655081677
321,19.296246890070805
16544,0.004576840032612495
563,13.922723156107125
10474,0.3094911884155209
16125,0.24683737667884031
10801,0.4918745790893837
5090,2.6131158600636155
14050,0.27324323548971563
13113,0.25228519964112195
15029,0.11535604587773207
1831,5.733941509893228
6713,0.8414345648591421
11683,0.5244000963889022
243,18.315578345603925
92,37.377727972830556
1326,4.809303320679945
7539,1.33434795755484
6245,1.1533152496101167
6805,1.5214388111277088
8024,1.3353669875230736
4176,2.881373270697466
12556,0.4398362536465612
6628,1.01040764847626
17109,0.7290527863188032
7145,0.8113848293602217
8431,1.2965642931639678
4992,1.9592400300367245
15353,0.3347339221650856
1758,9.48430964879033
2870,3.1627999507964972
7530,0.7016750987521192
13372,0.02935965834826959
11955,0.29897252326266255
17456,0.24481616515619464
9727,0.6302586600977094
5717,0.7581551446742338
10952,0.4036205020931476
334,18.25387979302907
11544,0.5281619687829817
8083,0.13315189817110706
10377,0.3140704181997336
13448,0.12155666569181278
10476,0.39552985710538735
511,10.306219360281446
2288,5.000271054641061
9288,0.5936426815923284
4715,2.490736933461747
5103,1.5338380319023628
8111,0.9914245820239813
1556,9.133940179916593
9644,0.5108001933114821
12850,0.37937116801852255
13147,0.5653918207970179
9440,0.42569209844471345
14492,0.15736624039784886
7535,-0.0120996938167508
137,32.763899661161716
5661,1.6490122556694615
2070,4.349732214513963
12348,0.25869427123519984
6835,2.0056383783751954
14987,0.17780311214126243
14092,0.29615966816307093
7284,1.419513096323115
13970,0.5295146921456677
2178,5.5994106697877015
568,16.399741109470128
10149,0.6054228314886387
1045,4.573676148067264
42,33.78525286646773
2973,5.712650023354698
11837,0.5624139265723471
8625,0.8738495343395272
16130,0.19463586911841446
12889,0.19687235595939967
2314,5.15161424084998
4149,1.1011049117492604
10342,0.5555474511504173
12541,0.1449435563524304
1183,10.605443189583625
9319,0.7504585209588441
10697,0.41869402721620474
9234,0.3616244774534181
2722,4.648864926433546
16346,0.23021479029894465
9499,0.9682976963567427
6826,1.357777977633262
15431,0.08829229464969046
17184,0.25844286909604364
801,6.378507184304638
2468,7.095673771461932
9698,0.6158334835699435
13652,0.3609036445331668
4750,1.2618355043648108
10046,0.8775711372496318
10206,0.5775908686969871
13242,0.12842652677603894
16425,0.18688797411594749
6196,1.58025973533627
6404,2.1457153409371443
10464,0.43669335822183086
3133,1.688667950741788
8846,0.664515574848636
15800,0.15358465849836023
4668,2.7546183721592143
689,1.6881487562175863
5165,1.8432349891474615
14209,0.3616077785505496
7629,1.5933145999154164
9780,0.7712759301433181
1457,7.067505643501917
12444,0.44740283378480683
2800,1.9477438155345936
6223,1.1719524395992522
597,14.374640820611447
11041,0.3647048255891008
11705,0.2915791968647028
16157,0.15254025610671818
4097,1.7704535199979574
3291,3.054677342164908
9069,0.600766186136596
448,20.88077899688797
8965,0.7293663423610752
13139,0.25033273923709487
13598,0.2195957410907141
14236,0.15604710414170597
15158,0.16291143337330993
15389,0.1642971219162206
4676,2.517754589251453
36,58.34256601542491
254,22.242687751024576
17354,0.36728600320704174
17753,0.22496514183724514
13761,0.36670550540203806
14780,0.27138446476020306
9102,0.4701465197670842
14647,0.13076259759914421
491,11.012783244998175
6977,1.6450141974211903
12131,0.13421578871346185
15481,0.19613981451790607
11379,0.4578856077256006
11533,0.43799583318057955
12657,0.2901627553962527
15162,0.17884975628744826
10191,0.11080871615952503
6141,1.4094185742669225
15307,0.13787392319296998
12456,0.288969469009956
6764,-0.10424035225030082
14279,0.010688024625792991
3994,2.6222745011337594
9132,0.8142989814794674
10561,0.5963300264201763
15648,0.16288225542906787
8641,0.2820221228807469
8324,0.42420530383493826
3036,2.1808677821323528
15859,0.1294725895857738
13143,0.24136073971767757
13582,0.19379048783947894
2444,3.8331591220001684
5884,1.0209141966012822
9413,1.0185167532559518
16527,0.7963887001613017
11203,0.47279541099813116
7965,1.4350089037056506
8737,1.5019700195449133
12512,0.34173343734367734
14999,0.18056645414090156
10139,0.3842122435911648
6518,1.949610737638281
13809,0.21430017970961046
17322,0.2256030077778206
6342,1.6175361072477727
13233,0.10095511545524971
5723,1.4855329811007465
298,12.234759809373557
13600,0.413619880200784
11536,0.3663217434906443
9076,0.13707268807702633
2164,2.6866102309467834
9576,0.25573822625365494
13839,0.2535728680490621
778,12.745776463563047
10140,0.5058025895052793
1195,10.67085590474467
11000,0.3569006152733465
1337,5.396834867170085
14776,0.19360631461002242
16719,0.2555016299875348
3749,3.0964340104645345
15083,0.08092467217973365
11490,0.3326730197317289
5192,1.502672822116395
535,19.36124872103126
9469,0.4843835887525785
16860,0.33903654168570085
2129,3.8258292730699424
5182,2.013092836800965
16083,0.12009301471989886
2339,4.537017857199501
10586,0.2084260235719313
12641,0.2861947592841858
2806,4.178596673086631
15246,0.3378920921507671
5701,2.3548559276300267
16757,-0.00878968835438343
9849,0.8290077719275217
9610,0.758107771058107
15011,0.3148069894330803
4445,2.540498407541989
3773,2.561757929856199
503,9.653714550503949
14707,0.15397998778981048
288,19.70143299829006
4773,1.8548209672997729
16559,0.21963967194228928
3357,3.090449218455163
400,18.30827267087666
15250,0.11091058149709454
1565,8.027195234650051
16165,0.1825636004279687
14799,0.14103981941728705
16810,0.38825132126915207
15222,0.4249191734823654
12061,0.21242609869882756
4984,2.058134186505143
6386,0.29169379362242864
17924,-0.10747655228060182
3501,2.1810676127635844
9605,0.3700534218016429
9150,0.5440468047014093
2190,4.984045038273237
14853,0.14595389099709166
8452,0.27519733132511703
5436,2.0520879117955104
8607,1.1501242899425534
9876,0.1596095253355685
8853,0.8657616794851748
9748,0.8028738269438946
6629,1.6957657604147727
3937,1.9305008374329446
12226,0.13717332361819956
630,13.32692012392154
6016,1.5045584346698462
3121,1.6313274109019886
11651,0.42913068785897224
10975,0.611706661252768
10234,0.5764437525315174
9408,0.4180562078390295
1446,6.720040847135309
16252,0.09648707682511315
6073,0.8387315500579717
17047,0.12372153847168477
8171,0.495993312430258
16281,-0.08207804051237133
8749,0.3764308354653423
15658,0.1064176020106089
760,16.88400287807029
8457,0.9928748025539136
1141,12.128441286242335
12853,0.18380533690363166
7721,1.1951395427169729
9331,0.2817205424327227
10486,0.6694772648284726
6174,1.0808015258802612
5445,1.4165730777013579
11143,0.27193699187246523
15964,0.2735754598018758
7080,1.1935339307952546
13824,0.21303711753439813
833,13.728891125917656
6770,1.4656494726780949
545,13.549697464124009
17714,-0.11722624243314783
9781,0.4149841425857659
9520,0.6781239363828746
12658,0.8320316050559171
12648,0.23634558510305226
9095,0.8861646705620245
15319,0.11797646536554396
183,25.35685334210389
15372,0.07238519575385283
5069,2.301248786362933
10659,0.5105664283504012
10623,0.6604628929324718
13915,0.4250587249244546
6869,1.4146365206661216
14198,0.4479299451540868
3608,2.222972083069024
11830,0.4032520613938999
16155,-0.09888469099648489
4838,4.438931001648555
7380,0.194222602995481
6243,1.4370840783868317
4317,2.0546803834908616
17558,0.017767461900305648
7439,1.1139646262044636
10217,0.6983050747666795
12670,0.5543199193878792
14977,0.23194923661581868
9770,0.6907195692106853
16128,0.22666223942191266
8479,0.994757217190184
8454,0.886508408468174
6880,1.7153197610850413
610,16.94369632186779
17432,0.1987995664349711
13027,0.4931742350634778
14739,0.26968599005705585
1051,9.516058883354575
4828,2.6702560416452883
5135,2.1841435785863297
8273,0.6627965728702776
11900,0.15646172548254356
4953,1.3159137499780655
3594,2.4753802378988468
6158,1.8062205842163195
16220,0.254381921029065
10628,0.38225577346493367
144,27.495703177685485
8698,0.2563887876110158
15579,0.07575781967746309
7759,0.9950836950640252
2981,4.263321102198304
11634,0.20972557618775056
17738,-0.2695897190421732
15285,0.2548028395925286
14670,0.2722237507056917
6819,0.3995993885582294
2857,4.260648039408537
16698,0.23293860059727933
11606,0.3274476780962772
7778,-0.347931383908346
6643,1.5498710056516103
5442,3.5450631576311054
15997,0.06671481954658987
1856,6.998878632462933
5558,0.7919435039309661
9540,0.964679579023894
12978,0.10763534334485314
17067,0.23183227027989517
12741,0.0645922368211842
3447,1.2543799563070621
11222,0.21133571386720007
14589,0.1859332300854959
10608,0.5812239989127903
17277,0.23781364010018535
11448,0.10549383963849834
2998,3.7402097677913417
5883,1.7265052183813197
1929,5.975841638725186
16063,0.24313148632104742
15412,0.11258932777634811
13782,0.16253547907537325
6200,2.3275785625797454
13490,0.3861457330412037
16892,0.31717165301132866
16644,0.21171975572089252
17968,-0.5925994402672785
14418,0.16520483420647736
16619,0.17352669303325285
16738,0.29414386039432827
17188,0.4846943183051309
13770,0.2511406306636701
11162,0.8200738480486081
13815,0.3315365987094623
5754,1.4796970085785262
11954,0.5721450457811699
5936,0.840038650215277
1047,3.8781246330260757
4467,1.4486815777546127
1618,7.748349715236785
17472,0.45922760965346754
1309,10.977139071506215
11357,0.35924535044098604
1964,5.762392292881444
12886,-0.2291454170351841
9173,0.5405337864804807
605,17.461064074803815
5669,2.0830046562109175
10024,0.4934480516505886
6842,0.8764910256449099
17129,0.2751200670842451
2946,3.8202770095824263
7751,0.6459639061288982
15407,0.18280791639820393
9929,0.508194430900275
2978,1.5982554681384755
9061,0.747317209826079
2583,3.753437590373281
7166,1.79568484694083
7370,1.5679376619934402
13626,0.11257911934428932
1087,7.59327514423974
446,15.424003770145717
11994,0.5818310930385024
9409,0.9715142682068318
11507,0.4729063065941119
12125,0.290072765551443
4059,0.6738021209336722
10322,0.8477786683633468
8041,1.1461422471416682
14685,0.21561405344722573
17592,0.19226979990953907
6866,1.1935277173683545
1466,4.822943163932209
1913,8.831944456339173
9189,0.6699610603582897
12281,0.2588703474581422
16376,0.20059091903722504
4685,3.2649725562154828
4054,2.570463088663317
5501,1.4131610754719333
10265,0.5793415351800633
6863,0.7636283356996074
8755,0.8821568369691732
9592,0.0275922634516661
9837,0.41268355062557305
12017,0.27808482703765947
17316,0.22991440440692656
756,15.894565373349408
4918,2.963987269364523
3611,1.6256096518616943
3841,1.4207514578541378
12662,0.2333067242718272
10214,1.1454561746437122
4383,1.292965675684755
3864,4.140171714883522
7458,1.0916574242529151
2268,5.473383652078823
9641,0.2135282979511004
9291,0.5168466739808792
5267,0.9536928281927288
1295,6.527466911544664
2772,3.7231308108683407
10302,0.788610102644796
12811,-0.060227131931284816
12993,0.14407952937729362
11035,0.8059007695649854
5099,2.303012210963473
2747,3.106414338362086
541,19.955917249606003
785,13.643824107539999
3198,4.90075149021466
3583,3.4455503360977247
961,6.39708674763979
17819,-0.009407262878013967
3245,2.3614194014412107
5446,2.583706038505696
553,19.838374054748996
3772,2.985056285908925
14959,0.4831114429913015
10712,0.13274622193553398
10908,0.48586844120218586
5497,0.3738852223971918
5995,1.3094889525034006
525,16.699076586121762
3383,2.908659938407439
7164,2.482522129964039
3818,3.267065580652414
8522,1.2184893428933066
17444,-0.20586892686019098
3296,4.8559715674036426
15521,0.047134636655371764
1501,2.8787342612155413
11771,0.4105629835799647
13426,0.11896244809805978
2669,4.575614709337927
1278,5.556053653386087
12489,0.47260316925174095
6409,1.1095694965803915
13148,0.3321055064980811
6642,2.167062872020395
10993,0.3822919355531127
12463,0.49557758483668124
14067,0.19606822214923625
14766,0.09846789578473647
5780,1.9227617832504649
11985,0.615263566049137
16758,0.21075407072574137
11293,0.8517570136478554
15283,0.2645935986012802
13141,0.2746292996807398
1333,7.117054065316509
7728,1.2750432602936286
2293,3.8459448387549884
9094,0.06904921656014551
16933,0.2481332546469872
10690,0.5617730383166446
5579,1.3465055146895821
10079,0.18886532722008553
11844,0.362692374785027
11538,0.31365188743957617
12900,0.2899444967928133
5036,2.3230712254112262
11992,0.33354368859666295
15627,0.11435753643787905
8704,1.1952345972296854
3551,2.4230085649476933
10485,0.6338788830023105
12325,0.37437385472138374
17755,0.2887186615663637
4919,0.7327822935043429
13742,0.13048131197906798
7889,0.4851332242532891
5954,1.5417483096411644
7745,0.10391478143783672
3456,3.237907992277073
15577,-0.015542126224900699
6463,1.7385566209107566
3975,2.664360037895861
4146,2.3786351367281924
843,15.982472050169534
15231,0.1725351754631248
11475,0.2794921672766151
16429,0.23286871645196072
13703,0.20012027692574463
1884,6.898440850703977
7118,0.9616789908921675
12071,0.05747364727456272
11773,0.5699527806238649
1007,10.864047332599242
13344,0.27465009042516897
7387,0.9546751116638035
13913,0.15957167796723581
4820,2.2301453347177613
2107,2.476895635245185
8570,0.7653770159733568
16464,0.20585996881114
7588,1.3717801873028606
11048,0.3450942472478147
542,17.339756660459173
7368,1.0255066402166477
2799,3.008217953504058
12864,0.06003733242347664
8962,0.27856791144542115
9229,0.5887097340818883
14007,0.13557943095641178
16073,0.2605052362446969
2808,2.8271727057289837
7946,1.3465622892529012
6503,0.658269591808633
9804,0.8261686049499559
2063,2.202949592490498
12602,0.6253677017097772
3035,4.001030658216862
3907,3.22708202865563
6215,1.014333808418499
3106,4.441317158914856
10835,0.02728554004541195
5555,2.8060587320974975
9279,1.3731254329785116
2889,2.6651508570423204
3985,4.498256376804832
17030,0.2997376119270285
8299,0.5054137368000085
14852,0.15143166631419547
10539,0.645762126826142
2047,3.125135591868414
4727,2.5768873567589736
3552,3.587347315224818
16604,0.17126909832872173
14353,0.231404819455733
3767,4.230792557886602
17502,0.3989292159577218
13752,0.23240968965451714
5918,1.4988924171406808
1635,8.604004336704023
6125,2.099857713703372
15334,0.14527291219879146
1486,7.920604866339616
1762,9.010116193907223
8837,0.520439800701368
5668,1.1976511633759657
8207,0.8821568369691732
12941,0.17376886675454273
6384,1.7084108119101558
1576,1.311500596588715
4895,1.185261532597636
2091,3.646166138145716
6517,1.8614246737969182
16043,0.1585948580203791
10902,0.40207988023415453
11934,0.6399194414210712
15740,0.2560170494707137
16210,0.2118687839470823
9085,0.9431542670383379
8972,0.8040895227945697
1659,6.878201724819732
12026,0.4426583920527065
786,11.548091017373238
14352,0.2692289747349861
11084,0.575513828554179
7441,1.3153998250623573
1311,7.975560409485055
9836,1.0737519203973562
8551,1.1522236193082023
9752,0.6651466151806886
8255,1.2162087784673332
17116,0.556040347784986
17320,0.20627236049479336
5084,2.3164117823810813
14662,0.1600402258558944
15270,0.1180988280630828
15628,0.29716685144576616
10091,0.6932317636187264
12199,0.30524454572044135
13132,0.09345907372751583
12259,0.4420349714016112
3428,1.9359235100258587
16065,0.2648719245276965
14906,0.2140781183106384
12397,0.2759415776245788
10482,0.3057619398827711
14971,0.1703566933264966
16598,0.580098528549641
7250,1.0544802643749591
13282,0.390807152516075
11329,0.4668080154426235
6824,0.6971302875923726
4542,0.893086036211983
4852,2.6652903053120127
13829,0.16524334202695456
12702,0.719124005495658
12192,0.5061793329343374
262,20.267934742639525
7723,1.1150964868877082
9247,1.020959159425857
11839,0.26800581022219205
7783,0.32021555258326373
6564,1.2638220958376252
5451,1.7010015703985601
3951,3.808636689145672
2664,4.245004550044072
13376,0.4190751565231068
11472,0.5943460106289677
7182,1.0024969865671238
10493,0.6319548962942036
800,8.157836836167874
16603,0.24408036118286702
10868,0.648300507760112
10833,0.7341189973628417
14188,0.31385572427235786
1422,8.581111872806403
16382,0.19164789940710136
10797,0.5313185273027585
13260,0.4656493641713979
7923,0.5520754413921196
3010,4.509666124603612
3879,3.1861565398057365
4469,2.9736208753638067
9141,0.5719863932086611
41,38.831980827907
7438,0.49288662716021747
11515,0.7441701959231892
4147,3.2554858512841776
12329,0.2514208535722702
16993,0.3318983570569429
595,14.706001886086895
6631,1.249374797344288
16607,0.20410241218904446
13439,0.4405529423975878
10840,0.4752500722742212
4591,2.6376112232880615
10782,0.36955044354313316
17644,0.17203566480721122
15129,0.14988621545144554
3211,3.568926406174185
4096,3.4764337942285266
6080,1.750606968104293
2546,4.869610035867552
17832,0.08545303704171658
414,18.742137570801177
10338,0.4465039576746932
3284,2.8446609826335845
9984,0.45520996640162537
12484,0.3182031970986401
8786,0.7037163195519298
9931,0.5260327959495754
1411,3.3083061675996674
9204,0.28576327476567087
11913,0.40526223344916446
12022,0.2395538711816272
6062,1.6779641193383696
16282,0.4794445885969054
11387,0.4048320090438011
6351,1.1184173792835992
10147,0.19119639221118234
12724,0.30548138307501915
1629,5.693195902966707
2335,3.0857852547848807
6490,1.0651629380544847
2724,5.357268531132789
797,7.837001246506887
4646,2.8937467915978488
17020,0.18900000131962713
9112,0.6125234029038467
68,15.778445953375538
87,28.952547254723484
15446,0.38962697409165514
2548,4.302513296360601
15505,0.13195886191805073
16214,0.31554180791643205
12904,0.26363348632612826
16439,0.20780606029880744
441,15.922541810452302
5188,1.8912631187605058
3604,2.921637819073865
4138,1.9783618235137084
15352,0.22370726259642026
5310,1.931157660867214
4570,3.6287628198899284
14491,0.21799282224897354
16451,0.22560274418965776
2761,3.7939060234028403
7856,1.041490110363
17959,-1.5381389094252285
8121,0.8815258538534039
11568,0.571993424824953
17414,0.14908158505734548
17094,0.14204844338813416
17267,0.8380114624325898
5640,0.8988181895943086
15086,0.1241259972524773
17181,0.16871823881776038
3844,2.4312629273144495
9267,0.5494675970019074
7194,0.9815499402880192
3887,3.0119540543913246
3103,5.041232227753042
13873,0.2531556648625184
16708,0.10612599029717273
6641,2.138621752991824
7509,1.6750635022532236
10078,0.46770490065848946
6279,1.9307175241199985
4397,2.4218841292452993
12979,0.08631814527019799
8940,0.8580066268462616
6492,1.1652151757297844
6575,1.9512594298610821
1530,7.046565495768917
2189,3.9955129022184366
3533,2.7460843607137377
2151,5.376538469973852
2595,6.453209280563172
5524,1.5751882587117763
13816,0.8340054052140573
1139,3.4316962340175934
15899,0.12960234991398067
14458,0.08060745747020803
11611,0.39893411403836865
11369,0.884883868746968
16045,0.3993609915920189
10891,0.6499443149351265
4008,2.648593040083213
5483,1.4839775488309925
3871,4.18907102286785
7500,1.5440183786138988
1858,8.460045708128277
7239,1.9116120081977073
14642,0.084292707821632
5656,2.7127119358958254
11860,0.29217563610457375
4777,1.1107645956772245
4450,1.488229982021906
17395,0.2516165539190496
16158,0.1231411863348768
7818,0.9605561452192006
6449,1.5968850534472523
16889,0.43358302681913585
9852,0.23020314572166
1427,5.550977216900904
13745,0.43727964910301864
13771,0.45204448110582973
6280,2.540128697336357
12250,0.1810717357030427
11110,0.1685643699986059
13138,0.23186906499218196
1624,6.187192262637339
12065,0.17581659824504925
1626,2.5665944919955592
490,12.046851956919411
3942,3.2924187583805207
2714,5.600257166114446
7806,0.7249584239643383
10304,0.6169314327569992
4721,4.976045140654335
2545,3.5975972877008218
8225,0.7032500226897156
11752,0.566026658888731
9508,0.6668028225659128
7739,1.1916515042141356
7189,1.174363357075535
6768,1.7124266877751353
13927,0.06726404791500329
6390,0.9605644502969
11599,0.006323882035374595
8276,0.38233462368300764
17597,0.20584176346422112
13540,0.1852549867965223
6088,0.8928672723711912
12310,0.00773699364175684
8852,0.36436468238748887
135,28.0328500610794
16518,0.2774547052112979
2295,3.959205630491013
17501,0.17338731227592064
1617,4.133510624741646
11805,0.5334809431366949
13253,0.4146355977565719
4350,2.966611054791386
2735,3.8083414258956765
671,11.76369036513698
7566,1.117300850148652
9181,0.7926050381115459
15810,0.8129191094887602
14741,0.2710875494759222
10721,0.5271770807431295
8800,1.1185180698756625
16470,0.5412840220031541
17098,0.11162021074967754
4316,3.0831462608789053
12490,0.4072286536730729
17398,0.04534744861298634
17243,0.27554430077451286
6660,1.1856744189183956
8933,0.8721615975559445
4249,0.5814253975128878
10013,0.4479565409379376
7709,1.744390502891818
11519,0.44019230088643724
6171,1.1155633620424652
11360,-0.013263248409529638
5851,2.2316552463571355
4628,1.3320666857753878
5123,1.8136194834207373
12142,0.25498850723609223
7789,0.14054363654175006
231,29.787338684688464
6282,2.7056284669832706
2590,3.9941841813984666
17708,0.18099809820490975
584,13.76066416081251
6718,1.385592440359872
14216,0.1607710286622961
7688,0.7946792423404787
9175,0.5601037691465791
12469,0.4717163619777267
8764,0.8016207907449626
7324,1.6853355423323393
4261,2.244336693004797
16019,0.1723869297633911
10462,0.5360272559833703
2442,6.471369216595875
4476,2.1594288065586653
4251,2.5455071879340068
4857,1.7272694321745377
15166,0.1954401622077313
7136,0.9901887046946314
5708,4.070370126939778
12144,0.2760579403773846
17809,0.18683635143507615
6422,0.2236363697437156
252,11.874514546787239
9994,0.39015108615895144
14800,0.057400198974804084
5540,3.0711909912415223
13840,0.17946606859307224
13973,0.37614671204092076
13525,0.4057279802324132
16625,0.22418104924078364
16896,0.2902382865184592
16037,0.15459779572809396
14580,0.17278911212746095
4421,1.724838277566917
11140,0.3792117147889513
5858,2.3770474687893994
9509,0.7017761408471443
1555,11.669263151431167
10824,0.6567762294493633
8982,0.9108808526983552
2272,2.8552331344316855
1189,8.409873957401814
95,29.936506776777108
16611,0.3651276343428691
15846,0.07486727931878079
7848,1.0779434719181182
12263,0.23029277668622683
13799,0.19220347917224956
12628,0.14310088372879193
1698,8.697518268415351
14538,0.20900845106025656
15206,0.27457185569012665
16435,0.3730144679953611
3369,3.1796773674219168
14346,0.12954073980729675
1882,3.9894615124356534
17509,-0.08251046322310174
7154,1.7961042911138776
15883,0.22306508294668959
17033,0.2229702769189572
11181,0.42752003851724396
8286,0.2796447722170825
12704,0.2737335443601552
7029,1.4308513468974553
11465,0.4845437121837932
1321,3.2878926871165532
5334,2.2110720128388976
818,11.909124537258734
6421,0.7831155314683116
16452,0.009674011792483839
11991,0.2658073151014406
88,23.53115803070382
5969,1.5778654649491983
7453,1.0509891447586455
12378,0.13495424099913578
15118,0.1774964807333248
3514,2.912121267016076
12500,0.8421602036885218
1478,5.04386547196016
17931,-0.1380402094765003
15146,0.14242088494576421
8398,0.8750839290159576
999,8.017988954296996
17287,0.19929059910107583
5528,1.411430593326216
16945,0.5185056325750139
12718,0.38299765098248884
16982,0.18989887973573616
4392,2.4388652890404074
11330,0.3608597267597844
12308,0.4598936924553101
5120,2.729460912608104
15248,0.335567629714447
2774,3.5044644726860525
3413,3.8036661657457245
11270,0.310493901017324
2852,3.7339497600664657
2149,3.506799903165259
12577,0.6063770556186938
15452,0.1704416380197955
7938,0.6489636703012849
5943,0.7073563187791052
15026,-0.0873908273045032
3803,3.5616216107736847
11287,0.8873589832215458
6484,1.6809356987235589
16665,0.19911954843526303
3395,3.6004452156324334
1034,7.491896223967117
16670,0.31903268265496365
7012,1.8778519376580363
10185,0.8000537770524971
6326,0.7841470252719347
221,24.566736177618807
210,35.53437865183081
1066,3.9921484503308733
7685,0.8737294594642009
6900,0.9704626837841062
712,11.154971937990652
15411,0.24703544008231404
11263,0.36931465827588283
1661,6.812889299252177
16818,0.0563232870907342
3888,2.9370561014221295
2610,5.961835512269161
10585,0.6315889497115705
6155,1.604747618024433
1496,8.265502582805723
4695,1.4967508249693111
12379,0.3926977041426909
8384,0.2940223943327993
16915,0.24341674992921014
11786,0.25366987166667343
4892,1.8676967101909696
5624,1.773060487599949
2420,6.952016943591261
17271,0.11403893838446777
2932,3.186555253780469
14985,0.13571310678231896
11096,0.616737489875149
8706,1.0362947415309947
6470,2.387921586331416
8680,1.3369495858140255
11265,0.3498168609571195
8406,1.3381209272124153
5299,1.1769265090908476
15237,-0.08437080957848764
2037,4.504006185035635
17051,0.3351414547189364
14668,0.5844894079946386
15915,0.18691730524729167
17452,0.12980901110775278
4034,2.1643318769041144
12509,0.25027224868229325
12829,0.37950474707550086
11282,0.09363643662182142
7735,1.4246207339087533
1395,9.216139679969487
9778,0.21207490684464858
17887,0.354068082496795
13080,0.07896046310393956
14720,0.12327368294621976
15960,0.061236617831880835
5144,3.1809378837217395
8003,1.4432343189926797
52,49.223429409019886
9933,0.6046079315851358
14633,0.14694938650821143
13610,0.6152368329414486
1074,11.139891476601704
12863,0.12742353571543674
9679,0.7273347661991778
7340,1.3064725212106651
1038,11.499582716238322
17044,0.25844286909604364
3757,1.8819933128813346
12212,0.2788910547505026
11425,0.1541634627578361
11857,0.20174095959255567
13509,0.22805807454490434
11610,0.3564407425667042
11131,0.5444582903570421
1727,7.160255395065022
5077,2.0174788844104654
6624,1.4475269520662124
4233,2.6959950999140148
9306,0.3022925329576225
9791,0.6614334074755135
329,19.39637400326363
14807,0.12723365384586316
8433,0.9929558164338488
2513,3.987914169384979
1053,12.443492966763174
13491,0.16886929443246856
7647,1.0119729095604413
7,86.16610959285039
13297,0.09946052112174186
8693,0.8512863956784287
10663,0.4928809394763931
2858,7.538610243746447
3377,2.8871765952447532
16113,0.16917955722088607
14914,0.1464196271113707
12430,0.3476248297716751
12006,0.18167176181579237
10654,0.037499399690730684
5926,1.6398328744048314
15134,0.18372449678530245
12831,0.288973992151071
10541,0.39615131389469127
12340,0.45599831979718886
11172,0.4084534804429296
1749,7.400833920449557
15402,0.11321871955898644
7435,1.1092175471213324
8025,0.6609961492051326
4680,2.357595724251908
1223,10.628365906317825
245,21.335238552579952
4300,2.355639457881537
6972,1.257048090609672
10043,-0.021461017447776953
3529,2.600253533240746
8875,0.5699779134274792
14954,0.15824353652375578
8891,0.3895591968756804
1106,9.872660048273659
17733,0.26920710214388066
12587,0.3934702360236173
16693,0.21713548470468425
3858,2.940753747605598
17508,0.19263198547066906
11073,0.3208634984440124
2142,3.538816160694708
7533,0.8488184403936003
12104,0.3192262272555837
2490,5.300270744887783
6639,1.9404349956830202
9235,1.1157354593576514
13342,0.14435205188983957
9757,0.7569841601266063
7494,1.5194048644038531
6445,1.6192295117107989
14223,0.12943456867789394
12178,0.5181284819744434
4850,1.1504512198554977
14364,0.12916795912413193
4184,1.7481339892373882
17978,-0.24454885807786297
8637,0.8518192306793964
14278,0.37050344367044374
11563,0.4314047576917375
16289,0.3198125496908091
14646,0.09975580729231126
11578,0.4587855287916085
4101,3.760232937705453
12530,0.45244909375851705
15819,0.10904024117111533
6057,2.011108223327213
17028,-0.03299496093471532
4051,2.548071352060518
13494,0.33169471497167535
5632,1.089392548672393
17235,0.23564296140513363
14049,0.13229825349613122
4356,0.35407502235655386
5086,1.1421563573550912
12352,0.14588477208401684
10672,0.35429576486917824
7186,0.6396317917311904
12647,0.18433039245833527
6597,2.1499388555726995
11362,0.8504612379990562
16277,0.25580565188919024
13348,0.45386855770881596
16927,0.1778018277233997
3091,3.121585562125304
13955,0.5035209105794394
10716,0.4519377752096574
2447,3.7686771135572172
6468,1.807588939909536
4589,1.449418066726551
5104,2.9055071561587766
5652,2.1672805138551468
1088,6.416869726896564
4877,0.6977213765810149
12304,0.19197517276610654
14367,0.03484842607345229
290,14.878547258129814
16413,0.14876366663769147
11865,0.46068971110561563
8311,0.9945848014583163
5074,3.1726278095774063
13650,0.1737745083525084
12024,0.34935722151313087
9526,0.5930317375871965
15210,0.17381317373094873
11788,0.26734474945494924
14422,0.15396609093473046
14357,0.32999989395814566
2449,3.9303028111731493
13223,0.3321898151397278
8874,0.6270152864088487
8623,1.174326860968776
7774,0.827973817432806
9743,0.5502371083909594
12854,0.3469154754230459
13602,0.5830900910261647
17219,0.5238142378502886
6278,2.6076097942741256
2292,4.045847721355997
16599,0.7547070153170381
1212,9.380601518986353
2887,2.9050225900173956
9014,0.5698518331786175
9017,1.1886732230563695
7219,2.1745415919583166
13766,0.1530378767779581
9249,0.9201932307810949
614,14.631113721095275
4426,2.7934036870390884
916,12.824111138427341
4362,3.895956333669986
1498,5.1495234833273145
9027,0.5500002030483842
12462,0.2900336472122973
17952,-0.24524713937420017
10961,0.7537549926249341
623,11.284953272899614
378,18.539279813559446
4563,1.418304516992393
6955,1.8284606691670007
4425,3.030006591524497
3342,1.5840873375575626
16295,0.3506292404557172
9773,1.2798488885080843
2871,5.977970090118518
5721,0.6371919110178652
6069,2.5040286531990006
15985,0.1064176020106089
6802,0.34223939821465876
14424,0.19073524035674438
14087,0.13529442545673476
2211,3.167734439150607
17641,0.5921743595683466
3024,4.9294540250162555
17510,0.12331821843220325
1310,8.6097683333157
11010,0.11453167084069094
1009,10.835778955079562
8736,1.7520450983502798
3653,2.582052826971065
6400,1.5360468962832812
17701,-0.39809544164602073
8380,0.395869865038847
17511,0.21627835181244848
5841,0.7885252375437659
7384,1.548960508571625
970,8.403441738348263
12513,0.516942845025838
13095,0.1950741554264397
4313,2.948583178896186
4050,2.0282953642925605
17827,0.12458040934153303
8985,0.8157013853824395
16044,0.18878159309686282
5749,1.8175031002653697
5550,2.076932693857387
7945,0.8740896489601511
16726,0.43030131244786674
14639,0.23488872892126267
12994,0.30767628630344745
12461,0.2633593954866029
15714,0.10244249365312896
15806,0.11364438527637333
6033,1.8408394473252514
14655,0.2569875316865051
10790,0.4492622636954735
10376,0.41724416289751787
2122,4.729227839248736
6590,1.1573336761656066
10036,0.07025978595807203
9296,1.158373187952705
8666,0.9611892739312253
10157,0.3206361565253957
16394,0.4544814467110001
8930,0.9905317135154093
4170,3.295390549280299
13876,0.1361719636140748
2344,4.345346409736365
3910,2.125284033720689
17487,0.20305715514838596
9280,0.7260190465900251
8189,0.9133139730226532
2327,4.915595687540147
17222,-0.419188783341653
7505,1.4626541595152531
15289,0.5171112330733791
4799,2.581616134135814
16226,0.12202853049872431
1458,6.135863536462992
12910,0.38177895930705574
9071,0.557479971929709
16989,0.21571366265767722
11337,0.3205147829301751
7400,1.4926501596504096
14075,0.4594081491307662
9138,0.66445681088301
10003,1.0231405091269181
16563,0.26741708378871465
17179,0.2621296090459424
1940,7.177389375183523
4548,1.7097779635926003
15483,0.1909365450331535
5437,2.2007497609292415
15620,0.1841014285098055
279,27.584246249516767
8351,0.7900973262870394
555,17.49172929877814
16143,0.210997234218965
1351,2.151341262267991
4707,2.2762632217125685
8301,0.8109623962095185
11088,0.3869418548723189
11376,0.16268723202701096
2045,5.164884912757159
208,30.830098626362187
9620,0.3916079407903936
3094,2.2070271730538735
1107,11.425596893214632
5894,1.3248179891301817
13991,0.3272945533653484
13358,0.27222336241216283
14801,0.12505990811418144
14969,-0.17171201274872772
17463,0.22320463811122693
1743,5.558546584962599
17580,0.1959802815149061
2842,3.572771029582171
16395,0.4518426144558845
9254,0.6097649676688235
798,7.3596029579859845
12685,0.32467562946062856
16492,1.223588024713493
7365,0.8016955799033525
6408,1.3919077284144663
11398,0.7372411348121233
14614,0.14503840206988627
17159,0.4470350270799628
8862,1.1924344992153948
476,13.78729817012784
17639,0.45115302353885056
12617,0.4323254717331366
7330,1.3576266044357936
17433,0.18570688025364745
9681,0.19499680018084575
15669,0.15425336050300587
14796,0.07629904424955214
12610,0.28100047770915637
2939,5.6359265272706836
5164,0.636113350870076
11211,0.4592046803210934
9690,1.2408984622956751
2553,2.1325283146158682
13423,0.02818500401686208
9274,0.5045961617527865
9024,0.9456197888747084
15548,0.16752135494137121
1989,7.967154785055598
2298,3.25015632031581
6413,2.402187156557673
13533,0.3001583624051847
14632,0.15655270385066444
5715,1.9608559846801228
7327,0.12614769370698298
11275,0.31019369131315955
17786,0.03757644974889729
11264,0.07515473074001022
12270,0.2654311210066709
9612,0.8444790027756568
16536,0.21407858045448336
676,7.746553259454188
13199,0.31516316462837324
13339,0.3007200374723453
16129,0.26272107821692714
8145,1.1898149201413872
15005,0.21471889454856807
17789,-0.36565900775194393
11433,0.4683550660442819
4800,0.96503842553075
10858,0.700773336823616
16974,0.7509780950384339
11633,0.40291454307062224
11385,-0.05314332176935466
496,6.004008727532394
1548,6.413327595517288
17372,0.2620915439760694
2088,4.808105320312237
17239,0.8380114624325898
12190,0.1580440606090434
16486,0.2438151747169428
8836,0.7264458074120768
16761,0.3056419782762845
9160,0.31432865699908064
11,72.92073915675276
16688,0.15791353341818137
11426,-0.032164444218992116
11720,0.47793043855024564
13994,0.13003872908133474
15269,0.0040195684733390635
7676,1.6184511449883558
4639,3.2784222424466662
10850,-0.03605343483995682
3039,6.672878467265136
10016,0.921650439190401
9285,1.0744136065093102
7429,1.2357406947892997
13001,0.18254154785132926
4125,3.19563973866714
14617,0.16012432155362433
15625,0.22945702219438147
16291,0.1299012170518239
14241,0.8751458536081174
5505,1.4489728376806426
6309,1.3639008521268607
1125,9.115919650956798
4566,1.746506195861869
8931,0.5207101783349373
8371,0.7581079300232005
2110,4.407015145309813
6714,0.9943004819367474
7939,1.2067152465289865
551,16.056266796487265
4876,2.1526993449025014
13929,0.14395859260964983
7318,1.256083238702061
15171,0.21040254499185096
3792,1.304684354189547
15197,0.304478667438687
15314,0.009086151119348074
5327,1.7772574331252855
327,14.19078971727204
638,9.619417114506135
5774,2.2735376052460055
13357,0.2634441626198196
3334,2.404732334060512
8354,1.282587527713602
15848,0.2442955194328107
12754,0.6814213440014356
5588,3.1216507278864896
17776,-0.39397302250345945
14824,0.45923634966068505
11218,0.18126621519111552
11965,0.3105489146875726
15417,0.31193251239911035
6114,1.3538267209419956
1988,8.564133429407391
5110,1.4231156164629652
1560,8.26528423285204
11677,0.3460885504044455
6204,1.7041872721104738
11977,0.1526538466930134
6997,2.764393136909561
11346,0.6941070897733681
4882,1.589654603233825
7996,0.7205927676903485
16250,0.10734933275143987
5283,1.7889239821497114
3287,3.893983796951588
4938,1.9196752955998164
1596,3.8315420817027217
15069,0.40807103951642887
336,16.55272002169245
7978,0.5946638398135775
532,12.495501005487498
35,61.16209302617206
7257,1.3440851893496557
13129,0.44167260979897094
13908,0.40376785120572833
17131,0.2804793729888928
10605,0.19650912653084163
15965,0.1229406361242269
899,13.555121594933652
4758,1.3989051800658245
7828,1.0510024439782484
2899,6.435765866717006
16998,0.26459686733529963
11393,0.43938058203544017
7402,0.7996597390109201
269,21.57958717167149
3628,3.236480184999735
6341,1.0027714446918736
2622,4.947228503862746
2291,4.245862911689258
6199,1.9509838446058012
8191,1.1805058682031841
4744,1.7080164047426507
10980,0.3204626276157825
15629,0.10772159668916004
5525,1.8913096200348747
9458,0.9510904640372502
17247,0.32091071894625145
10886,0.6271675241871009
2203,5.852772841674195
11278,0.20292758525609145
10923,0.4325246843835515
17144,0.33020232367242386
3309,0.3593451003511774
14870,0.21355024278251733
4910,1.6351689970249055
6188,1.8742208837820584
9032,0.9433030858718467
17859,-0.0840368307926127
6407,1.6922649437410229
14428,0.5585464340445725
3577,4.376978485186626
558,13.577050578097854
1010,5.9463235440270665
6905,0.530449296576947
10413,0.8093550988973703
14073,0.12347583648018201
3142,3.8938809231110127
11950,0.0633855018672449
14899,0.15326363265386078
537,17.959795530605064
5228,2.203088600761575
1134,7.755162276720128
13013,0.2204487990013746
3935,2.067171847917578
12909,0.1518711649213884
2811,0.6811126627662389
14497,0.25291635288802183
11729,0.6436090721150407
5538,1.8229685005884022
15301,0.15214176936045476
8044,1.2986276505506424
8438,0.8061156001294449
6479,1.438632678548359
7833,0.8943674993487178
15989,0.16974389763778674
3180,5.526048052865448
1717,5.773976921253947
9940,0.4633212310049686
14404,0.01208367556735368
17286,0.3568415208167295
5718,2.381675065309153
17702,-0.1446385023092347
3170,4.683581027138828
5293,2.419930752611279
1067,11.670653924603883
15351,0.02045023621441544
7269,1.2282733882791064
11291,0.45285019715988994
13713,0.21579139900377697
17427,0.5050685378973441
7795,0.7503818664088868
7309,0.6957362461792655
8416,0.9453973233484732
17737,0.2480454125917646
1531,5.922369971865876
920,10.550207419044412
324,24.04999313645847
890,12.135200011170454
10124,0.541050046194826
17697,-0.3960877886660086
13331,0.6769476674016488
17788,-0.12149856265737924
10601,0.5515742114472033
15907,0.06340593363275104
14884,0.15942433796199396
14168,0.2284987833426868
9404,0.9478187732369889
8536,0.9593179955129045
469,15.887098537146201
7355,1.6270815997905714
11923,0.6056045418610694
7476,0.868607580278379
1792,6.467225536316917
10822,0.62300375353216
649,11.738066712254934
14303,0.2016322381868605
14479,0.09502885488912227
2829,3.670134341217434
10725,0.5119968886542239
900,10.807162102631949
7442,1.424242728259017
5393,1.4907565430130063
4931,0.37870379341025284
17507,0.22794318813994607
2976,0.1661398202152924
2686,6.346283268397045
9731,0.7438281618428704
719,13.170871298317692
12828,0.12772408735885676
17468,-0.2126410260646452
10940,0.40480014803866027
10162,0.5111125598522932
1710,6.908102598237392
5256,1.5231061080540513
13093,0.013135564541428835
16923,0.17220127254002193
11800,0.3424340094073415
13949,0.1729344253452183
6555,0.7913714974417445
872,11.735806962597124
16290,0.1489287671352173
1622,6.20991848087381
12146,0.12396231915893452
5440,2.723095592093003
12931,0.08468777402408989
13403,0.1494964852425511
596,14.026034838834974
17089,0.4657544851628046
14235,0.3205237371878553
16266,0.2023581950002864
7964,0.45354716353513425
9406,0.7463816561435834
13158,0.2782395916471927
9708,0.7748091004056761
9955,0.7838295242095938
4616,0.9151522064908733
15393,0.2912134548877958
3641,3.4194220894468828
5040,1.3895960283888513
15336,0.10901313084765718
14821,0.08215191774634434
1594,7.86813843791829
7804,0.9490032012026433
12028,0.1126388102596394
11710,0.46592042285051605
1527,4.334623387615082
9486,0.5073011653215218
3857,3.074629325553545
9205,0.8512069204262929
10933,0.6177520562121828
7935,1.2626936041090033
12210,0.39355960718144445
3895,3.7744980601765548
8895,0.7637303780877147
9283,1.2312688757640018
15588,0.10151130367155758
8082,0.36410738548990196
1022,9.305842966302023
9788,0.5948759722064807
7043,1.1417202888428477
6453,1.9187867740367466
11103,0.39554950188353644
2198,5.272319015853171
7644,1.1645528630700284
12305,0.00673169476790747
3920,4.050377101552684
14534,0.08411185992430603
13485,0.5446359326956127
5162,1.0642452239746518
10317,0.4675397625407669
7146,0.8951314682361868
7283,1.0726483368420787
4560,1.423411632672881
15087,0.7098561231899367
1097,13.372482824572629
16705,0.18291301830579698
7906,1.0143791992965845
7768,0.6695578467780052
8397,1.2735787215899137
10171,0.16486458519783298
9513,0.43576463578445157
1004,8.379253893585158
2977,4.578137004754993
7513,2.6689721855719455
12197,0.6372228858981401
16237,0.21897371588927683
6886,1.206664936096999
11435,0.2605546994785328
10763,0.37827021349899326
10470,0.47826450756629413
12878,-0.1994589122912629
6617,1.7341669572075347
1660,4.2689205933692875
5910,0.9495654995304363
438,15.88278416373835
3974,3.182617120090626
9815,0.5495873984068425
6580,0.24358411219880338
16348,0.5392240413883229
10506,0.3609247089753609
6207,1.425802524327949
15326,0.10748077917800458
12032,0.21926808020920419
783,12.27854437434685
17865,0.06835499613437435
14910,0.27731921980024765
17615,0.18613355363375206
2064,4.610723943700648
3139,4.618648125756252
4171,2.6205265562451387
14732,0.31947715586521497
2668,4.750029878338395
17259,0.22320463811122693
16385,0.5641648997074213
7307,1.3204327342303515
5793,1.55198546542438
4410,1.994412904983804
6848,0.4846005294691196
14347,0.21359548721848398
15643,0.07606186366895429
3728,1.1612884604919174
14829,0.11401652549123753
15382,0.20172824442114745
17504,0.3331450388272543
16973,0.17712947666389312
5147,2.0052427154240178
8010,0.684375772863703
811,6.3094202630549745
15367,0.12059382829495746
11430,0.6927468028008974
15062,0.1504055742025372
15238,0.17761785725583934
13558,0.31808612154755167
5006,1.2916720838291695
11446,0.01527136069724122
8997,0.6113651123241226
9135,0.6312615688800207
7682,1.6721545526646509
954,8.89140726921103
7148,0.8337868615308963
3643,2.929380955495347
4886,1.3522341842489851
15175,0.5499805316241719
5438,0.3714828556466756
7596,0.8599999955498134
11674,0.35633920583480005
4865,0.7648795862655362
13418,0.28728352332400675
4005,4.830089942231766
12318,0.3857011900558547
4529,1.8541675369383057
6681,1.3572922508510175
7615,0.5950854797512903
8155,0.7504120361298448
14723,0.18624021576034977
2492,4.884002330047863
7313,1.8191940097150194
16288,0.21438199520476076
15022,0.2797792105997843
13067,0.04681466901543274
1358,6.703501220996216
6927,0.9921413717638785
17583,0.15585246715018286
10548,0.5488215472575888
1848,7.635385949023274
5300,2.4714305490000044
5907,1.4138352336561724
1730,5.822287377647129
17648,0.03325172007937738
9720,0.5698951603050801
8769,1.26830106344444
17269,0.27298208835627236
12443,0.18133917649454645
8436,0.6889193481858484
14894,0.24519234759232234
7705,1.496214104127219
11237,0.3334507217987408
9651,0.7224070820465869
4482,1.910322132259651
16689,0.2265448538332322
3996,2.3010298323898297
2364,4.3133527429736915
13004,0.2849906322239377
14716,0.2076221616052436
4597,3.2094721350811852
11560,0.4928243504895846
12557,0.5666972145042593
11407,0.1373217697557294
5261,1.9570920409823458
11832,0.825956171038527
12196,0.475979402618421
5211,1.622622445658365
9634,0.9747407415892013
3675,3.6962084043160104
17565,-0.18572219825175296
11240,0.4077161925248305
5682,3.3189835464853417
4692,2.16285351864083
510,7.208557971188341
12894,0.24725545706526475
1241,7.247203760926325
6396,2.383884688102242
14763,0.10836876269273432
3550,1.5719119102481756
9451,0.9447680679270007
717,14.415492419031878
9066,0.6454269966009889
5782,2.01344703434809
772,10.360688276957447
2580,1.1006148014257207
11770,0.42138443229721645
14119,0.2954526742077661
9364,0.54650742491107
8151,0.9475334113760567
8661,1.429298439638913
3709,3.887343293150778
12684,0.2080223343931067
7472,1.0887235246684526
12312,0.5584633874550065
4600,2.4839317298265797
7972,0.7561664744866476
4447,2.1815649138596456
2644,1.610738606934106
1372,3.605630801168516
15191,0.12440712243103746
16201,0.29852437243705765
14822,0.31004511587316586
8270,0.7367839849489002
2326,7.759397195999853
6074,1.214776347905584
8719,0.8881155817008022
1057,11.004962377809719
379,9.25030965960896
1497,7.871463280002175
17249,0.2027736231954833
150,23.166122886309452
8596,1.292470064344755
13858,0.1924504719692237
11667,0.10199813828712934
3505,5.126466781765956
9707,0.038995477849212534
11239,0.33809465421047946
17381,0.4464438131194157
3635,2.9118490199065974
3236,2.836725286610502
1609,5.876186676025284
11219,0.480739116492785
340,20.485263210013116
17080,0.23753794223166835
9769,0.7906856345037596
12625,0.21044810628349353
11523,0.5370326703906159
13412,0.4658631785038807
16258,0.19756410269395985
8715,0.8296526295459472
7960,0.9594294277273576
16241,0.09529168234787733
10661,0.7273541860516417
10283,1.4246688542609292
123,20.627994462996597
6025,0.1684106688117737
2767,2.2285797156826703
14727,0.18589665417893286
5965,2.6500966596072004
3660,3.9965553891932615
16142,0.19985465824568394
7305,0.10219687361571062
17280,0.21315305527635076
5491,2.500340932039407
5722,2.34159759403299
8841,0.585003911015022
5480,2.9543628880775117
13993,0.16943622057279129
15260,0.3292555891210469
6567,1.6163408805427508
15138,0.17388180551570542
7202,-0.07176704555801905
17912,-0.0012195990532148926
11169,0.02792558449762339
16963,0.2758810951339825
9865,1.2889065326950941
5419,3.0982170034777567
13127,-0.04164787672822001
13374,0.4728936169445461
3770,2.739497064719515
892,5.781112395293476
17941,-0.3049052153644283
1324,5.701887795256496
7632,0.634958869015307
3301,3.865463751012939
17795,-0.33235611648355246
11648,0.6315588612004177
1290,3.9711466481720237
15189,0.4029973108950884
16403,0.23705650079499208
4722,1.6023295513618478
17791,-0.025885301920126835
7417,0.8523862355664988
5703,3.357984302731623
17229,-1.1280747442327055
16022,0.14843880830399314
12221,0.22535867783797414
154,22.258051852208453
561,20.241704154274643
9814,0.4727297670604713
2073,6.349688220928513
3267,4.627269873913136
7678,1.2735309650315259
5532,2.3842470487469
1725,5.991306767143627
2652,2.906829210817776
8883,0.9441431686269226
10870,0.5910479988583148
7089,1.4496152527000135
9121,0.7761649642618096
11878,0.2817771522456525
3361,2.197402887414299
14176,0.13656002872097872
8214,1.1698733745633518
7071,1.2869483030105897
4650,1.076502589715986
17595,0.26426783643076135
17430,0.3141171113785646
4213,4.031002060271092
3930,1.3228237220767625
7679,1.4774798741703563
17428,0.2568334352693711
15827,0.48252786189000574
11798,0.35444915156183754
10584,0.6509318213346518
14966,0.23222317852274443
11014,0.5812165386567614
8711,0.6271430312368267
16268,0.22537239663417097
9545,0.41611879271523833
15822,0.5821525037122939
8720,1.3764349937265052
8974,0.9475416100994636
5864,0.7023293029238431
1459,7.66174391140062
14013,0.4471179856951295
14322,0.16410938864511593
7385,1.296238412373853
1809,5.20901011802205
16112,0.4390122350369694
13819,0.17575750672115475
16548,0.058668206995392325
16140,0.21404880382790736
3936,4.067816453988328
14848,0.35659207937392523
17126,0.25398724864827216
8701,0.32782189528730044
12660,0.34685610744925555
9820,0.26851870757839436
1238,2.997428323854379
3279,4.103300107827479
14990,0.15090955075045542
7794,0.5798557961145008
10264,0.29893252779818624
4315,2.9875573028432
13673,0.3361706488093006
16196,0.3868068534712421
9009,0.6637354228661962
10547,0.2651655316804664
13827,0.16961349423640115
6299,1.3801325933095114
11138,0.2757062969916575
9134,0.565551075159604
6029,2.370335088208506
3494,4.894764325280406
14854,0.4294766681734501
9930,0.8695090652081063
5109,3.421037876647418
14663,0.13893704830077525
12895,0.24465174248298638
11743,0.412660929552672
7702,0.9799339505029394
1250,9.144054509237051
4764,2.33126723335495
5892,2.3786070843680847
13452,0.36689818655618467
17730,0.16377681161576163
477,10.863816618580316
12932,0.30802086840544973
10277,0.1563828461489294
10859,0.5075736287645469
2519,5.51346328056168
16615,-0.00871313524525874
4858,1.8687637335485334
8049,1.0142373873548678
14245,0.4811699359692767
14336,0.21761783284132719
17345,0.20999481892290817
3215,2.8772938652910653
4530,2.2286619632910316
9142,0.770714128061357
13550,0.55421916012331
3441,1.0455225346183425
13632,0.10921808419230672
1960,9.839058012337304
387,16.332613958879605
17814,0.08225912463690577
1901,4.928633142322454
3667,3.7484813203710274
6497,1.2753648508152793
11339,0.47122291956368656
3258,4.188653334271933
13635,0.21010627884091093
10153,0.8150943837299138
10241,0.4108559146351496
15593,0.21377815034303183
12799,0.1299410227930622
9785,0.9186895657275755
14596,0.15252086004279874
16211,0.44312463535307245
4440,2.270777819717253
14750,0.27360032120778044
13802,0.42020960245984895
14325,0.09474944543690356
10981,0.33018789751243105
4733,2.4913906289087464
7582,1.7651962626429878
13666,0.17253778941967823
11724,0.11142354518058539
13478,0.3705929420491003
10365,0.5161808665131531
12107,0.45608036583696787
3475,2.1810676127635844
17306,0.21010753898964651
2578,6.25562569555332
10220,0.1418590890867364
101,41.78318379545179
17841,0.13524674134997383
6332,0.24343201361973854
17217,0.22738202599209956
2924,4.604680426735925
9999,0.7130418765101041
4131,1.9994785695473212
11083,0.36415057843125
1393,11.498329573982787
1707,8.377112624531819
10066,0.37643392979994417
3011,3.395538221724067
14911,0.06492238742323764
938,6.178655247305144
15861,0.26100936826976806
17026,0.17875614953125307
9503,0.23850036809592723
11055,0.576535603248729
10492,0.0772723196878502
3424,2.7399668595245004
7684,1.483354617222929
156,27.93264396036541
2,117.13490906490377
5053,1.9405168813935774
7093,1.792739441341908
9287,0.7935705967908717
16512,0.40921313616827604
5647,1.3281417932483777
2228,2.0771940876669106
15433,0.15315014042694486
13922,0.17860010956677286
6018,1.6560771390083602
17086,0.2693768858291179
3295,1.6553958677398697
5493,1.6479926301236247
7871,1.1974379968077784
6420,1.6952440073142299
341,21.231155391168116
10435,0.4253722424708286
16994,0.3726360936181692
11953,0.19770538954524852
6008,0.07545700153703194
14227,0.3776772372688839
30,34.358638596212714
6791,0.9773021569279337
10353,0.6121397734190879
10550,0.460326443172292
1873,3.7267595667271536
11474,0.3792769415221784
5698,2.55633069514802
495,8.859774360958752
16110,0.18714086998097912
12773,0.25499669616529275
14174,0.26402657817955344
17765,0.2584323096458405
5397,1.5102716735689086
13755,0.23621873346344557
16371,0.2834751696208997
15994,0.2174001763670077
7333,1.1243629847860603
4134,2.941329545352076
12505,0.3392027740342911
10099,0.47588465857707263
16215,0.1713922401292649
7238,1.187320275974983
9302,0.3424659058553772
7091,1.2440899419263616
16806,0.56584912861031
878,11.286410260365713
15329,0.14608480236846333
16020,0.12614923383041798
9278,0.47694075174150896
1181,8.383385691279685
16126,-0.7536304393059226
518,3.899859242145183
4742,1.3756317741165418
17233,0.25668435093358255
10039,0.7514537089247852
5947,0.1453641309905862
1663,6.329449247939081
27,53.28102969064771
6327,2.062836549981469
14043,0.3990919854068835
9117,0.7512059332237726
1890,7.329682296561899
16552,0.17714872446261154
4808,1.2526959925586567
13586,0.28685983146495175
12187,0.4236979005792847
12112,-0.028957911613574083
4187,1.6841351999843965
1721,6.758846919368196
5412,2.015723746250913
9747,0.7254696509155423
8928,0.4789498108662684
8348,1.025081607373707
6676,0.386352591872722
14157,0.19042505171360347
7294,0.436851666324813
8569,0.6454369986621629
3810,3.367356107316354
11451,0.5264330829501915
10610,0.312381786453912
4770,1.2000550101868868
15397,0.25424162580073073
14471,0.2603984569379776
10711,0.5218815534847039
12962,0.13120097494699223
2727,4.545216486879056
13715,0.17580314398487928
16190,-0.25820221077690064
1481,7.4489943700869645
15258,0.3500939330310331
7175,1.2139103812124432
17192,0.26674907334277975
17640,0.3330643191314806
11068,0.3966807480625931
2930,5.055467460304683
47,50.817392029546866
8203,0.25305605151653765
11723,0.5090347573831906
5220,2.393225036472316
12600,0.2640885180405377
14033,0.3097297258986629
821,13.400902095743007
4394,1.855363277556151
6993,2.1819304838987676
10427,0.39484062864120517
7411,1.226296499649905
15821,0.2544805452909742
5578,2.564206238432419
129,34.41223909522928
15759,0.15716418511659924
11592,0.20235836170986943
3425,1.2600903714958491
7890,1.039748122394215
3290,2.9699399290610273
9840,1.2350098307791342
12228,0.2378024919136834
46,57.67985758130963
898,12.327845189520943
14062,0.1493477140916326
10295,0.702815646219463
9022,0.9324970115539628
7381,1.672505588953939
13711,0.589862036049638
7687,0.46446591344290766
13687,0.47773712473674834
15783,0.26201568967503874
13443,0.3356801872337343
10251,0.11601229323987639
2232,5.125325023870872
1703,6.911184060050644
7201,0.9507949428352305
11946,0.30650428113126793
17544,0.9055264263303826
14715,0.10527789254477682
15313,0.32996681563629693
11983,0.4432534670219894
15123,0.45786875395261006
17547,0.17346933354498617
13220,0.5536447005908514
14890,0.28587124007385967
11332,0.9891536128415765
17920,-0.12432431887445716
16108,0.2672246989946103
12465,0.3638212152671514
9115,0.690657692141329
1529,6.447935358423777
2253,6.209762071425601
5586,1.7676149353440707
6193,1.9242298107050857
8317,1.032578319124994
3415,0.9919601203699386
2223,3.6513837056911456
9755,0.6314759258596752
5126,2.8804766698229542
6116,1.5562364289059616
2812,3.009043759888371
10629,0.6140265991230791
6152,2.568488793610257
5663,1.1375848576266918
4371,2.324917282317486
3141,4.566210995246664
13043,0.17727983881054854
1388,3.9440156366890307
7717,0.8289740018665981
16305,0.2754696938489616
11876,0.8015446009196268
1966,6.283111920467476
14114,0.40898801130215645
15881,0.13711157579889743
10223,0.5044038673070901
8751,1.1316365297524982
8753,1.4702849070589394
6469,1.3444622944873146
1061,8.445794387530626
8929,0.7495788456327119
10922,0.09747360220184476
715,11.15288052269689
9704,0.7117070316707697
7027,1.2118013768507154
17451,0.4417853065979358
2639,3.2252337176669954
17951,-0.6844665860730146
5005,1.8298017601129715
5651,2.2744898024732976
6325,2.3995758444346933
6923,0.5911500980769944
11624,0.21363367513681908
7035,0.7401002195955044
11021,0.40946397263293477
17416,0.1568632583233267
15425,0.14414564548492592
9709,0.8106750004248653
10866,0.3129535400310175
15023,0.4501863224097207
8859,0.8371964735444664
6559,1.851968104167966
5140,1.3747755351593725
1033,11.616597261107003
593,13.925911534223204
17693,0.3575212110383319
3933,0.12624789585238716
1915,4.275541311419445
5367,1.4290556613576229
11664,0.2866014422742893
16487,0.20888605975024177
2093,5.2936161252468565
17230,0.1978469167714394
6214,1.649422272920063
9412,0.5999778102946749
4864,1.2405530891241625
1826,3.465805144954132
13160,0.22014920137247884
15828,0.15608832489387225
751,14.561790605390527
13198,0.17441058644858742
16392,0.28548005916975683
8938,0.45174873528669934
12230,0.33877368689037723
4400,2.086360135895191
7197,2.265305277388123
1702,6.777049922550717
8717,1.1066977797787132
3932,2.7009233931724594
3867,3.177999840157284
17551,0.19179716570018002
2810,4.277920864628825
3745,2.300507796012951
2627,4.845218148613256
7612,0.7880796069474201
2265,3.1992297263567053
3458,3.9565248745902437
5376,1.448409716451991
5316,1.792009082909388
4674,1.9392886722082068
12374,0.26037881923342354
9797,0.08881330481490579
15422,0.21853130765460094
10783,0.6507323256439435
6427,1.5545603186921966
14878,0.1205171026429781
17491,0.018853216537493722
4710,1.4911025923710923
15561,0.3599036767376589
4336,0.23280667823563306
7241,0.5033184725170514
14626,0.05804096339052478
3089,2.81210304053225
16530,0.10410414680991664
6954,1.1825310503474924
11904,0.44493619926548433
12601,0.3879468159219215
8664,0.7521107471481656
3077,6.045615104604693
12211,0.2400110416800345
14376,0.29307049219887915
15121,0.15245317762732213
13181,0.25174372969713943
8582,1.0951527589188146
11325,0.7105895533670292
5527,2.337432420771691
1248,11.465897306091577
2169,4.268602865754886
881,9.013831318875603
10169,0.7160315975283567
124,11.259872498579014
11153,0.4374555530409481
9961,0.5158944607528184
12491,0.16042114061583845
2392,5.945403582880161
14455,0.15059545866752444
5124,1.262120082386346
12919,0.35320814655376864
2518,0.7154097454604909
14965,0.2199783614426707
17559,0.3712902119922461
10481,0.2617023698218901
14139,0.10315601030841037
6059,1.2129369487685864
14579,0.17583454498056028
2917,4.0395380407862405
17207,0.24010463987072228
2148,3.657186013739519
2356,3.972900933889335
90,24.51182277844528
17284,0.049294311973582694
14297,0.25921861484040676
103,28.2038736864301
16754,0.20253722423969123
8907,1.0475146447847266
493,10.12858943005763
11927,0.42437757977275226
17180,0.4227773801289487
10551,0.3220597692200755
5394,2.7002778075823954
9771,0.43728260120089146
6501,0.7744366672413463
12300,0.5293370578234118
9729,0.5315179584138008
11722,0.36914149434777244
5562,2.308429748708207
2415,3.573457453838003
7943,0.832371547300184
10320,0.4050126508632985
1860,5.132956664697488
6447,2.131566913856787
13859,0.15056748419301869
6870,0.6532773020112614
10225,0.46296529527997166
4252,1.914213106388118
14963,0.1552577137436657
4242,2.7306136642493612
12050,0.33370762128238596
17796,0.13424493857344544
2572,3.487659417068656
8533,0.5208431461556557
5619,1.5510202542069038
16660,0.20493298265829196
17459,0.28036570563732255
15294,0.27420583014189504
4588,4.5665539789284395
9308,0.5738542699309193
654,10.787412264616208
7824,0.22363384013171128
15284,0.16349673218952887
11649,0.2910764922221034
3043,0.5478467687951394
11327,0.44568111078616823
15922,0.2611960604175039
17052,0.2975091557041054
11637,0.49020842702232414
17541,0.1988132711706072
12170,0.26776062008237034
9875,0.6538796614045879
14190,0.25210210560119606
10507,0.7743196652525768
17699,0.14301391178811684
11962,0.5817908656477613
11806,0.37757221946658603
12802,0.24432365749528628
9697,0.34972980973903134
13155,0.053638086837011656
1062,10.604801701352315
6194,1.6518429533317516
9533,0.6311412084694012
4495,4.720783243851386
6499,1.0479135294486497
15940,0.2468790159733345
1510,4.357923112103052
973,8.823226551414749
11935,0.36282579379924584
5304,1.2399774475499754
4986,2.8127661469088565
926,12.089268520666408
1881,7.653525751210239
5786,1.6153942231514549
9474,0.28675139244712966
1786,6.881321872432963
16134,0.31058291093809487
10271,0.45520996640162537
5010,0.8514661787680353
6790,1.1493922328573518
15384,0.17837942519942374
16366,0.39697634180369334
6304,1.5416192348915985
646,10.371513807974978
8741,2.0151359356517133
11107,0.42698394706231113
12934,0.1649079299567262
4334,2.4615689408118016
14383,0.36866346275446915
9521,0.737055837669331
17864,0.3739719601614553
2874,3.301095598300961
1961,4.324164778408161
16983,0.3798940800644601
8657,1.1793553940628527
8310,0.8064887235634188
7299,0.9845522011011809
4234,1.6329255411262267
10415,0.7053379667095072
5643,2.899122857422938
7673,1.7064323703270503
3941,2.4578564377552112
11091,0.3121535462040157
4905,-0.40761161587833783
14074,0.13996343221909058
15878,0.24132929496029476
6875,0.9219740591177725
549,15.891196701737115
10681,0.6319962790759774
14785,0.04419364882842558
3686,3.8992520492001717
16576,0.17568178950007507
7252,1.4406878514182182
4020,1.0465828844465506
1841,3.925347690775496
15338,0.102665454012552
10350,0.7658435724424209
5825,1.9116541561870264
8067,0.23736126010506098
5666,0.22757197431356246
12561,0.4933208819700923
9976,0.3203946953346559
15910,0.010469107496263064
4638,3.4270662997995345
5705,2.406309370056718
11419,0.5109057684401961
1315,5.767041962938791
10280,0.529014673157647
1506,7.771460110555566
3878,1.8556641649233399
16084,0.4973345019488562
381,11.102733593426095
370,12.089045315415504
16127,0.2095348513126538
8881,0.5182009815255952
13573,0.23812142462143981
7379,2.0576236837270727
170,20.70074735590181
16624,0.22151016892384234
14575,0.12068089671147675
10215,0.13818974386323646
5087,1.8139622100499793
6777,0.25573673024827315
12119,0.2992867620281032
6999,0.8899349555608325
17012,0.33974356721252263
6851,0.7785456962720474
15447,0.22550638894081487
6610,1.339921290253514
14088,0.10119817941991016
1039,9.5366183538152
6183,0.9799788346860652
10410,1.0281632925941295
15469,0.148669325247468
5827,1.2603438428001965
16999,0.5712783638480943
2522,0.746033059390939
15855,0.013912641654044933
2785,4.630745678232827
17735,0.10675487445185183
10918,0.4690477723640498
17263,0.19099014948240267
13623,0.3516926541846743
4815,1.7671237958863486
3328,1.9357671803704335
9734,1.1033062341915212
2005,2.594935572432476
5728,1.7536760253511403
4260,2.4585733323233256
1262,7.6072544102249395
891,9.609952220791783
7085,1.444772197002706
509,10.374639530574498
7310,0.6291875201898307
1745,5.679609040927588
3886,2.1897081004949115
6474,2.2027894345691124
12817,0.4487400797414267
7749,1.1811640040047706
11661,0.2721826346404015
15993,0.10833623764686706
2667,5.748072348640747
225,21.189514169706584
17000,0.17506802393923238
2358,4.88091354910928
15116,0.19372895478427665
14229,0.1255049857289663
6353,2.972782744827512
7413,0.2803536485408955
7855,1.2893263987541417
15516,0.1681672731927648
11810,0.5062138344810165
10057,0.510282327203825
11668,0.6218444782906118
14265,0.15667289011362584
3921,1.753315331243428
12322,0.27987160845596293
14272,0.3460102922045536
385,6.596417165012852
14607,0.24971014586874674
3404,3.8867124289565282
7068,1.3316228499904383
246,25.239870917345442
1979,5.3501750041321685
2446,4.71189746168632
11195,0.2387992638385441
261,22.532852296114655
6319,0.9747899937722053
15067,0.17400319418776178
5865,0.43170311414424134
12875,0.21763054069761267
13167,0.6286034520494042
2777,3.1278631865989865
11053,1.0268622274158616
17380,0.40826808521997293
10814,1.0210108396391462
14134,0.23864144284310385
4871,2.685713966895449
6816,1.0803911639847712
16047,0.19723986605431776
2116,4.900488063315564
15293,0.2175586239927867
16347,0.21410621887032733
14014,0.6567507731497955
13252,0.43443881558023634
7896,1.1039213666551717
8037,1.228964297758651
3311,4.509449223469872
16120,0.1523146026593878
5187,1.7640655896937716
9307,1.5372568355016512
17748,0.08931296703674718
12003,0.32691125817554223
6505,1.4230732926661886
17421,0.07176834342131144
3856,3.0246446278401464
7742,0.5693830854169875
11631,0.49147028642478574
15635,0.25291535603504656
4302,2.5615343302312823
1162,15.156230615504441
7899,0.41137151476876
3122,5.033190726815846
14187,0.35345585485556796
7648,1.26609004014081
17441,-0.09126137814716628
3115,4.148700984925725
7104,1.1894582836781211
6306,1.6762181779224505
1810,4.465949503162008
1222,7.969361560738534
13107,0.2287361535986605
16948,0.22526107149629127
13517,0.22010483333563968
790,9.855732512259308
5639,3.081289037041259
8353,1.7793157518007803
8889,0.14345187381492508
1030,8.224342525379328
9498,0.4284026516102841
10717,0.3251395246517319
13787,0.4980018478508583
9696,0.04731618016360528
5646,1.8573868166761969
12897,0.30775571056547335
7293,1.3330385335862758
16666,0.2235764144745218
15504,0.3789217824976987
16904,0.3501810830784535
11351,0.4537244509966598
8505,0.8233856446056365
4893,2.780516884197553
13077,0.25198034816752113
8131,0.7375317166478936
14698,0.1599791500272687
13015,0.43850070620702297
5282,3.666553256706564
9867,0.5313580377775935
7602,0.4035537687150992
1584,4.50489316187857
919,13.047870219286509
3659,4.089885184239151
16016,0.15451283021464235
12901,0.24857417642432722
17138,0.23613501470204312
12681,0.35573377139930074
17341,0.4988193482045773
3174,3.3387201839742175
13627,0.39960123424300775
7477,1.2714162870692718
8795,0.5037023831377638
2478,2.3574085033620378
4684,3.000750111065102
11960,0.25098701643487686
5577,2.3268760167691056
8901,1.0589987651822668
9328,0.14649074121798833
484,12.34137711819217
16682,0.5199662631908524
4881,2.5217316735573405
9476,0.4891110983466689
15349,0.3764977106470866
14843,0.011198607413419381
10573,0.658863568351066
15601,0.12911194274910542
11289,0.6053140195259203
5912,0.9954330943234737
16753,0.2156802465451193
2349,6.323753985056996
16472,0.7154437656152624
8777,0.19488767568334708
11587,0.2918512921041412
3900,5.2526556764314165
10827,0.19377504072004115
7376,0.8940365934004859
7862,1.7451846475233452
6009,1.6796664485251114
15309,0.37356441734176826
3854,2.2735880452662087
2525,6.01901360422174
8585,1.0226991037853423
927,7.215629335246106
4841,2.915265328551257
9803,0.960534737878632
1289,8.158380832477022
16743,0.5876934056808096
2494,3.852157512747638
5953,0.8797005931338759
7157,1.5007671500154203
6616,1.514733475850747
9342,0.9112577724242357
17007,0.2376202524281581
17806,-0.2648919241677703
17939,-0.6084371907298163
5114,2.118169241160743
13613,0.6229451438810685
9084,0.4962756537190245
8446,0.9580186763448211
6596,1.355175051087329
3463,4.471389743531276
6537,1.4090667497560645
15174,0.15334372837013177
17560,0.24369316644454386
16830,0.19384305824367232
6379,1.2008499905268337
1948,6.0963572498584
5845,1.2158598111489738
9581,0.34971221669179897
8190,1.0879092282822995
13503,0.2599276371122272
5713,1.8327349234393608
17932,0.14769233922750402
10583,0.21338125741432634
7149,1.5307715408342375
10726,1.2460730475061865
17907,-0.7992747191695884
6356,1.6351583431384853
17130,0.2710323851795948
10759,0.36736034659493555
7876,0.8214108821492374
8705,0.5051427537731144
14051,0.009529015710498356
17522,0.027822722862495652
1526,10.73577504311011
13248,0.29321112697847695
9470,0.5418091758027259
22,63.032731408464954
10609,0.032632779436951864
12302,0.4765339444594048
11509,0.4834369393519893
5783,2.082007467187694
4771,2.2839648551004785
2137,3.340024750776209
3633,2.6165415894927975
8295,0.682442892110501
9919,0.24784088957311212
1552,6.653872312397951
3944,1.2233907313602543
17266,0.11315116896686561
5490,3.10045201770113
14296,0.21843337777302452
9454,0.4890623118313471
17778,0.09022728755356013
3865,3.647124994304775
12821,0.196927332695239
5935,1.0634248858483062
8264,0.5656201546378412
13612,0.04951361499122697
10135,0.4822934680556301
5459,-0.4768749003278998
9878,0.6714598527655511
17308,0.4170802243186955
15924,0.4084063807769809
15758,0.1616826024031326
6148,1.3621034989321998
1455,10.410814893181922
6487,0.09207530256328766
11998,0.27230295968725216
5354,1.7189263943648285
1024,12.423297063126213
6963,0.746816136931173
5151,2.402802418208651
10604,0.3900639116093174
11778,0.5279216325778435
13631,0.6682918454587963
12923,0.25604930394190717
16641,0.2698002392457539
13313,0.4254976574561198
10471,0.8052907558504359
16458,0.2279949024302681
7842,0.26251569989808843
362,18.31963199616912
11171,0.4821343587304483
1235,1.8408602135052803
14779,0.03385419855142402
11440,0.4984620567909843
9942,0.7812461851271593
981,7.9186962692568414
9687,0.7546672350598129
1833,10.678610558389082
16009,0.3551053456147457
9078,0.5148493001722301
13075,0.35196955807334973
3332,1.3995207121291315
10897,-0.5952933976923731
4472,2.784483340017985
15039,0.11268149807638395
10787,0.2500799922656398
7459,1.2455322447103327
2407,5.0667947687470445
14946,0.3880929457764779
4974,1.1375848576266918
17763,0.1250296071134045
3079,4.946630967045579
15761,0.27851468058544526
10643,0.4814875708407982
102,30.95277199321727
14900,0.168739836369312
6346,1.7023648142313306
5301,1.8758472634132914
11191,0.017725665454761952
8427,1.2976127425370834
17571,0.4393108250628899
15777,0.2408347461989564
2794,6.146764243005876
12422,0.3104744488637863
14828,0.21196779507612007
14295,0.3886783286678934
10890,0.1882708628047709
13191,0.0866174752059834
669,6.879254693533383
5800,0.3579645068053452
2254,3.363344228779127
7277,1.0448193988796248
6070,0.42848197671305854
1846,4.771268565666176
15781,0.16768296905372893
7304,1.8979820214025978
9043,0.6336095691574002
6454,2.8645579276571453
4333,2.3912867089048433
15670,0.20454198098771315
5013,2.067069468278973
17117,-0.6182496705593366
13340,0.10898942667559197
14286,0.26001313059147435
45,14.596720189153089
14395,0.10135438415279907
9906,0.5305048257777258
17290,0.26930914840191633
7038,1.1715170042163692
6554,0.13411260011976367
1777,6.251548236341662
12183,0.722671808900671
2375,5.884830234400468
17727,0.1335455363502689
14709,0.12775411926629943
11793,0.45845880456597854
6690,1.0653264015421229
6704,1.3382497875899872
12940,0.18474203225441954
15884,0.2500365024596505
10327,0.46249913202505866
12531,0.5328636076041704
7714,0.7765168176481296
12215,0.4411695111678995
3329,3.9583885659909157
15448,0.09232660852758556
4555,0.8420743815594989
17761,0.1881156711792329
2945,0.6904490919984738
1306,6.636395227292908
6897,0.7598336999589748
50,56.37409508113193
2177,4.64763540551472
201,31.873055076467566
9123,0.526516261309169
10745,0.4924451587549896
4645,1.6571208735244483
4119,0.2340842972531192
14269,0.38455356412278263
8456,0.744774297440884
7849,1.0329709699863798
11194,0.14411282317259122
14355,0.3371534238786893
3071,3.1273104645761833
10574,0.551286285470141
14268,0.029305272857484965
1604,5.136805854778302
3734,2.6542502481419916
5465,1.8125900629263043
2050,6.385215102010974
17593,0.4853697674205506
17855,-0.018197861101086232
131,22.55699855646158
965,8.445360290506372
11011,0.28075883779503386
6440,2.1568914618062394
12492,0.42287154764922263
166,25.550024503407442
6958,1.0501132026273154
2337,2.140786598352875
253,15.825382610501222
3235,3.899364073897985
6586,0.9714735668305678
13972,0.31516694273621226
14219,0.1630023768717166
3780,3.33863616057441
16078,0.1909293402342911
7589,1.1926694833138782
10910,0.38485519336423124
1349,5.0624193566830655
2310,3.271736329354738
14369,0.20301990786971658
12241,-0.3764986600548781
11442,0.24946034083070856
7114,1.278618941785183
17124,0.47052040289837294
9038,0.517607994551625
17946,-4.969290799846519
4110,2.3808424822052103
8266,0.47661521492348413
3321,0.6923396907272519
3696,4.2062286747813715
9910,0.5565211978914277
13817,0.07932040171961319
197,8.233645829667879
1192,5.36649812456308
8766,1.1914810253923207
6775,1.5756009159190256
1103,1.6278717005023537
14324,0.3124266877545807
15931,0.28295326539064547
1709,7.165634357069237
8162,0.8659169696230293
7545,1.2142921154258914
3580,3.0465988371169743
9091,0.7885272347048868
2025,8.988261384443703
2802,1.3863515598142868
14451,0.3605681606649256
10554,0.4832899706518248
14301,0.4585225636055412
17488,0.11867694454504374
3991,4.852225872506736
17599,0.14771151882082734
4126,3.6742132132486205
8053,0.7783386214219519
7617,0.4383051263025237
14697,0.11989549050299786
16338,0.5581393148597869
7947,0.684375772863703
971,7.648635760869595
2927,2.401631515437842
5387,1.1939302536261067
8289,0.40535278747854875
9601,0.6121360430074816
1304,3.1502066222357854
1196,8.456110382308296
14777,0.13330100405524092
7129,0.9335052337408598
16493,0.15304253035832005
3983,2.6967585321302607
516,7.863992286138213
11969,0.28674054994935716
16378,0.19692606757779174
14778,0.12128230446053578
9673,0.862155150596962
13447,0.2604497435988691
1156,14.701187245855706
9310,0.021563604980272544
3735,4.633755925685776
17898,-0.08012280199413624
8018,0.7398299846350511
15895,0.27805146443252227
11576,0.27298759968239494
14955,0.1274707882439685
49,45.2828214087627
4009,1.5601824820107169
5857,0.541294600426184
9969,0.2160089693985725
10957,0.028959830740646453
15230,0.11433361629370609
5521,1.1361850795262427
3392,3.4971506836599957
17711,0.9514615399630912
3090,4.118264016821016
12885,0.5225638203889531
14146,0.1744728692285804
7737,0.553970153095733
17741,0.8819489324762486
14438,0.21340734626731717
2350,0.8198325139263289
13851,0.41344927014263533
2493,5.0495929452253705
14628,0.5760592489918537
11665,0.3079719451441889
8108,0.7600726964847837
6566,1.1952898331707758
12507,0.2677936153766751
2671,3.319928262673173
13625,0.37899258373214195
14499,0.18733973157624462
8444,0.5496636925090144
17224,0.30014975297247304
13235,0.18334521855429387
4948,0.7335156924045378
6166,1.8554588663671012
2429,4.479497053540584
13137,0.17945797074499126
10524,0.6880893363590559
15788,0.4421623347287351
13763,0.18334973884905992
13145,0.036604448558094305
4787,3.0073535539108462
7178,0.9686028640029036
5207,1.6288421374446926
4751,2.0280889175316617
13708,0.1701378674897711
17743,0.16927118101439476
6763,1.073402901342618
4688,1.4841379244234787
7432,0.8364335505891205
13746,0.279412641497359
5315,2.186054281352412
1409,9.604307665635233
1261,5.512862897197763
14975,0.10858096176532683
16663,0.3922712243794564
11478,0.2212316699281729
5362,2.255019237257855
5535,2.203285422697448
16765,0.21615801860492923
3903,1.1667730569785846
11660,0.4837354018593061
13565,0.2623858935644563
2319,3.2299671895478497
7554,1.4213585017567567
15986,0.1511544075591047
7651,1.2598033012611296
11058,0.40963141582592755
15496,0.18045476396271454
9045,1.574726285824525
10825,0.46866561700831255
9284,0.8858132596578372
7638,1.0563854240887878
13369,0.40313184738043617
975,12.434593523516085
3185,6.5771137279646865
7839,0.7296605494036186
16230,0.25551926331702646
1277,4.820852867021543
6289,0.8889804637323806
9693,0.7111555571203354
7977,1.1256344766495232
15632,0.16166089773879833
1704,5.8413315978106795
8458,0.37143690188470657
17331,0.5161839482966144
14141,0.23491637102928564
13606,0.3060043053224746
10340,0.46827019973655126
8712,0.2081489194276429
15074,0.19176689331654018
1285,7.799749485978012
6702,1.3157500141864915
6985,1.3360676334296642
824,11.955640819342065
12640,0.40048470042161455
14094,0.7446499786219221
3208,3.9290288833601466
8422,0.051074078423212654
13725,0.19154650169828358
13255,0.5639958273111034
9493,0.9112143873898759
7003,1.553322633882047
17692,0.21647197891873304
4417,3.6774202283091455
10372,0.7237582773664855
1070,10.634721064679482
6882,0.951019051642632
9584,0.927582903011924
8688,0.8885635553817366
34,58.69383196234442
15925,0.07052788636822527
1637,5.6851786161989395
12311,-0.17545806451339274
9959,0.5198378518403644
7306,0.5729916025077131
13325,-0.012483534331678925
8102,0.6956966287294932
17732,0.2935892759901009
5131,2.9808309590943765
8674,1.4792626221739766
14350,0.0011941424003367729
5160,1.4933688157153284
16747,0.5592183767015086
4177,1.3077156234222258
10122,0.1262356030105849
1802,7.413271343564546
10229,0.5249564940407794
13117,0.5422495514899452
15549,0.1371699858367066
1140,11.150953435723707
13275,0.18545093030094506
3869,2.6873005119905002
3794,2.6861868908608386
6111,1.7996399435993027
15663,0.07617598288318561
5942,0.9864908666375669
15423,0.20183946611304293
514,2.621108347618886
11069,0.4059328739590029
17458,0.26763813872226194
9750,0.5755349446997826
2955,4.196938630803473
11858,0.7043656177000486
13952,0.1999013757638437
14401,0.11703090595649712
11676,0.5462603781123363
8130,0.5146743193016192
13757,0.1381653958284943
3372,4.474506334106152
13280,0.39942894623489167
14431,0.3460732485981026
12974,0.11949454800112846
13811,0.3185473143813482
11038,0.5272742514808471
15435,0.18715237859392175
13241,0.18856639513690254
12982,0.6390216711951808
7142,1.4405011063044668
16442,0.19116922305870787
13229,0.1400226860484537
1176,7.996254852201062
17,39.15884834696625
8150,1.161704277830566
16051,0.1713922401292649
666,6.309955044938377
15280,0.0729961839032427
7771,1.4733031630895113
13907,0.16244761517675954
11114,0.716842232226881
13203,0.26497136814280964
10077,0.5811023008024705
16825,0.14159414766477596
2104,6.672715617612411
912,10.439632166489744
5787,0.8478093229420693
9505,0.6981154666156755
7326,1.5124921213228646
16771,0.23729933196746344
3806,4.92810488384869
364,18.213572071470693
7258,1.229818955026488
16251,0.45102052788577396
5692,2.5879158633673143
7352,1.0660494312942461
10567,0.46486520838534773
6970,1.4728753774980845
17821,0.42429164869888325
8158,0.9525169523367225
16502,-0.05267595036541195
665,6.216942435501053
6317,1.7564375624442192
11389,0.3817781921896568
203,28.722777547287805
1274,8.69761936358698
6600,1.8058821568669856
11956,0.2445420159642282
6467,1.72980453732292
15110,0.4309902651136355
17916,-0.17688290286166364
6736,0.6357987297050869
15364,0.4472952553346232
9240,0.6252024262732476
15634,0.12709229439992953
8713,1.3697917871861165
4423,2.0983818630322304
10,53.331905522458115
2827,3.4344948755147726
6115,1.429086725533537
9431,0.7781643644991476
2678,3.986117973756663
9003,0.5857900049173992
10637,0.5267475135648425
3201,6.19598396545733
420,15.032595303550877
6491,1.3454789378100287
8508,1.0595074479200122
1476,5.795962444685713
6042,1.029523606592491
17279,0.22308135361704728
11121,0.4503722210968846
7963,1.002697884441048
6921,1.3572493794526537
7285,0.8437019046832148
16821,0.20080261355211348
6455,1.4711156391625337
2325,4.738956387415513
10000,0.3574110563346409
4517,0.2995806126624103
6909,0.9278032128006117
3140,3.7693759392247586
16752,0.31232762952596715
11932,0.27475160788902997
4240,1.9013747829475989
12077,0.24663683822696214
6683,1.053358294424001
11238,0.39767716288373833
397,15.059085851906232
6109,1.4984284556378071
17096,0.2630991589927447
15853,0.6908462270438491
6607,1.0830937901825592
11726,0.608929276582515
14306,-0.18909967821325324
6430,1.094302038611957
14323,0.46492639504954525
14994,0.0878308820429794
2793,1.681774827692223
13609,0.1881177984359539
13918,0.49561599865974415
16966,0.3084075483725286
3508,1.7887229322761726
2920,5.597069200173067
7916,1.5345071524868246
14684,0.571619890572336
2233,2.5595645347529654
1912,2.830735250151136
7279,0.35198690275406364
531,18.185962540698327
7366,1.5788016255743997
56,38.92929499603879
5021,2.317345529537036
8659,1.246926530589647
5217,1.5461190336421424
7143,0.8486950313345716
15721,0.15377071145245225
14299,0.2015351684838862
2585,7.4539713814296675
17657,0.29006590749456507
12114,0.3120816116397265
14564,0.13117799987669798
229,28.825835031019736
15264,0.1586843130373694
4557,2.2244391279392204
5979,0.963556767268031
4153,1.893124475878679
8523,1.482639315418922
759,9.013831318875603
4408,1.707158530675386
16732,0.28649418325956333
16631,0.2004376836691364
17253,-0.696222396185064
16028,0.27816409470058545
4927,1.772159374593528
8080,0.5053961124181825
5061,2.8211560268641307
4043,3.9110866983606485
14488,0.038946940300050414
17321,0.17417591676529298
3407,1.6089775901782133
6785,1.6311995609094794
14125,0.16338606288822177
15065,0.015820292259590474
3445,1.6112701815466863
16426,0.25002884719980045
12236,0.14122121062105464
2738,3.724171672600235
3820,2.934370104826897
4475,3.1073516594603774
7897,0.8260673719579046
15536,0.1924504896995387
10478,0.3942644585120121
4659,2.139693938529902
12289,0.17561304355196228
4562,1.73172901588471
6489,2.17272809052902
17698,0.10698966814574362
10390,0.7879146631513123
10631,0.5510766150783439
1511,4.560778514537972
8738,0.16474487022169626
7511,0.511874497990803
7207,1.0338535642234916
16321,0.14167792673306678
14706,0.12792958895123263
8491,0.7887213811521434
9483,1.435752002968215
1706,8.045575914755048
1129,11.460449288137127
613,10.459161761107524
11682,0.43494728149501327
12701,0.07082950539354727
2154,4.768759759619556
6164,1.800539859741619
2144,6.84679809089296
3178,2.188038913104222
4189,2.053219865408849
4470,2.68557631784968
15509,0.35410322831178576
2560,3.693330090223938
953,13.903025639488945
17520,0.5352080189717441
14115,0.0031320180400626896
11450,0.39509188839652154
1575,4.773934890581316
5155,1.4930260022940303
10204,-0.0687477816712061
7929,0.9959426043207742
17610,0.4129257465856
1608,4.852926416217613
2346,2.7821197927678583
4926,1.9525916001168326
13304,0.30913010419588716
10259,0.5308600427756431
707,12.327845189520943
8485,0.4344769247896494
2409,8.389184396760314
6753,1.1666337812683452
8514,1.515411098794928
15991,0.19043108511515072
10982,0.46121539336944295
4884,2.645178520933726
16788,0.4891138551833052
16099,0.3288857593089034
5250,1.6490225093370583
7446,1.3077292918744519
14138,0.09616774232547698
10230,0.5319134068580098
4945,1.5047014251192223
11498,0.40661712081823964
1877,8.66022705355006
8391,0.8063980437173797
12514,0.33025857054254004
6980,0.9720970965502858
3387,1.4072146014598985
1675,6.833433737383487
13532,0.24275679774287084
1716,7.1083727113137485
10836,0.5746261368669394
15702,-0.0163578189736171
2756,2.719756908300454
5517,1.967468804917715
2041,2.0383685873667474
9558,-0.0728027423336215
3136,2.8905326355689596
6813,1.5021798468463743
436,11.88335470329271
9554,0.5558883379575974
5149,1.3115482924133204
8802,0.1930955895076778
5337,1.372963100728569
4971,1.4143219139806007
6967,0.9341656407245438
12096,0.3237334487324546
2604,2.7193291215092614
14726,0.17396870719990432
5439,-0.018462338562628133
16883,0.02465566858241175
11652,0.555850925133953
14349,0.060504767556793126
10222,0.5698613527009257
17396,0.33545836759613223
10126,0.39538432403328727
9861,0.1483759304091592
9266,0.22850180932859132
1734,8.47006258659242
10332,0.28667131415626557
2001,7.808411725429167
5289,2.5794174540977366
14584,0.14886122408786662
15439,0.15347486847527136
2053,5.953134301141816
7777,0.6859887367906055
1063,0.3211461228933814
4114,-0.07971778837604404
9953,0.5450269874571205
10452,0.12834664328495649
4716,2.8301924979330835
6477,1.7941077004096115
8048,0.9578579047844897
2725,3.562587816124122
9445,1.5579089549894292
13794,0.11221468459528694
12790,0.33909187166104005
1259,4.773934890581316
2980,3.2059410811271647
10770,0.6830245952964589
4455,3.1130228621645557
14287,0.07552801760853356
3874,4.477604961586124
7210,1.1742869914303213
15906,0.12648938020136313
17344,0.15341494754487428
16449,0.4242407570245206
5880,1.3601765611312686
17397,0.276394736757382
7922,0.9582953056484627
17291,0.5061298394278566
11520,0.6792282683635023
3704,0.9482755155483602
5,94.63946544949856
6026,1.3491165780294097
2024,6.3962858268364045
6776,0.7799584000811848
13224,0.24412063578459708
9242,0.2990178955944458
6435,0.38901721456814187
12254,0.3110553819912951
15975,0.18367875544682022
4575,1.828614929342919
372,13.278965098307665
515,4.353675463344601
4093,0.7750436883834624
2675,2.451967527593027
8531,1.7695379907896296
17486,0.18593608394438377
392,25.55725921824883
7580,1.5358977968424625
398,15.23398717955611
12425,0.16405271060678217
5584,0.5876626918317953
4629,1.8181612585159002
6123,0.8043535828320643
664,10.635309686899703
4238,3.8792724163374572
